date,prediction_probability
2017-02-01,0.756761875555041
2017-02-02,0.7844326011539965
2017-02-03,0.7096949423575655
2017-02-06,0.5085688563083
2017-02-07,0.6903061525308765
2017-02-08,0.6519054910392583
2017-02-09,0.7712810889683445
2017-02-10,0.7987251904551619
2017-02-13,0.7691424705733112
2017-02-14,0.7610311246418596
2017-02-15,0.7615586483402481
2017-02-16,0.656673430240864
2017-02-17,0.46835842637666275
2017-02-21,0.3328132338098262
2017-02-22,0.48905980516722886
2017-02-23,0.6210639573432643
2017-02-24,0.634757724162703
2017-02-27,0.6469619329236381
2017-02-28,0.6811214089457791
2017-03-01,0.45141664196457365
2017-03-02,0.6419946321740698
2017-03-03,0.5391234955785358
2017-03-06,0.6493910388211696
2017-03-07,0.7416632966772115
2017-03-08,0.7799768759380893
2017-03-09,0.7244121125311516
2017-03-10,0.5947842305493942
2017-03-13,0.6118167393816837
2017-03-14,0.385982750798005
2017-03-15,0.45075283175091896
2017-03-16,0.4002657984744288
2017-03-17,0.42204180246126627
2017-03-20,0.456417373291576
2017-03-21,0.8376086124947704
2017-03-22,0.777858707066029
2017-03-23,0.8464251527942064
2017-03-24,0.8703031098683228
2017-03-27,0.8643196311531574
2017-03-28,0.8175678808161664
2017-03-29,0.886587209460306
2017-03-30,0.8920137398021571
2017-03-31,0.8694339556644735
2017-04-03,0.7563752437821335
2017-04-04,0.44450564397237324
2017-04-05,0.3586803417302647
2017-04-06,0.38769605591699285
2017-04-07,0.5653027317994128
2017-04-10,0.3678730901400356
2017-04-11,0.5869865592808488
2017-04-12,0.7592428168780536
2017-04-13,0.8640221988982104
2017-04-17,0.7506138395039363
2017-04-18,0.8220420350539079
2017-04-19,0.8313120653883163
2017-04-20,0.6907010461078189
2017-04-21,0.7489535129644443
2017-04-24,0.7661196768205835
2017-04-25,0.8775381002523793
2017-04-26,0.8288685552546253
2017-04-27,0.7682341467026234
2017-04-28,0.8329317736079468
2017-05-01,0.7497093482729638
2017-05-02,0.7358056003477921
2017-05-03,0.6581256282133177
2017-05-04,0.6019116923677584
2017-05-05,0.5967469639702484
2017-05-08,0.5558486920054662
2017-05-09,0.6752292376214276
2017-05-10,0.47725320203966276
2017-05-11,0.534815015900666
2017-05-12,0.44749509422212325
2017-05-15,0.5720012182038784
2017-05-16,0.4918394164291961
2017-05-17,0.7000110568068442
2017-05-18,0.7230595316023556
2017-05-19,0.7770390090223074
2017-05-22,0.7644887036883875
2017-05-23,0.8166083211850663
2017-05-24,0.7989328006578684
2017-05-25,0.8623983054361722
2017-05-26,0.8211292555190612
2017-05-30,0.7467722004261028
2017-05-31,0.7428718365053638
2017-06-01,0.423584506991206
2017-06-02,0.4283173377564996
2017-06-05,0.41604085445475925
2017-06-06,0.6538983436471357
2017-06-07,0.5050545253964243
2017-06-08,0.48246352870797776
2017-06-09,0.7058522330391211
2017-06-12,0.82982552023765
2017-06-13,0.46791447962656596
2017-06-14,0.6676192663371953
2017-06-15,0.7981663839955201
2017-06-16,0.6721991595408315
2017-06-19,0.7351526365384206
2017-06-20,0.5881006992156461
2017-06-21,0.5743872503550516
2017-06-22,0.5655942728027905
2017-06-23,0.6246928399830496
2017-06-26,0.42502518285873686
2017-06-27,0.6695433594077276
2017-06-28,0.6563101769538554
2017-06-29,0.7030172141164484
2017-06-30,0.8334904983171731
2017-07-03,0.8248707069851093
2017-07-05,0.7889561802741049
2017-07-06,0.7511732270114742
2017-07-07,0.7198128219196307
2017-07-10,0.7946223792341599
2017-07-11,0.7855866839305938
2017-07-12,0.732346095716473
2017-07-13,0.7528776386341609
2017-07-14,0.8045041979754961
2017-07-17,0.7812310024027213
2017-07-18,0.791427330077661
2017-07-19,0.7064723102307615
2017-07-20,0.6743445049842449
2017-07-21,0.6924931160497739
2017-07-24,0.6404703934581288
2017-07-25,0.41423257905883876
2017-07-26,0.5386168177306042
2017-07-27,0.5755125892912202
2017-07-28,0.5421663326107284
2017-07-31,0.7681680928066033
2017-08-01,0.7879912070853409
2017-08-02,0.7543817147246802
2017-08-03,0.477147566040519
2017-08-04,0.46922691617429546
2017-08-07,0.7668065223955345
2017-08-08,0.8105107048704304
2017-08-09,0.699434105747231
2017-08-10,0.8210334909954436
2017-08-11,0.6706189195775659
2017-08-14,0.4514124588067366
2017-08-15,0.3220346921129068
2017-08-16,0.4135920012304961
2017-08-17,0.7957326743640214
2017-08-18,0.8381590901302224
2017-08-21,0.7857474787722414
2017-08-22,0.6447279416237383
2017-08-23,0.7617489585808227
2017-08-24,0.7651928156366852
2017-08-25,0.8258758818406655
2017-08-28,0.8052601815098446
2017-08-29,0.7027608355398128
2017-08-30,0.6519776362352278
2017-08-31,0.6119377844260551
2017-09-01,0.7833387173997919
2017-09-05,0.7819855747165522
2017-09-06,0.9069756759399155
2017-09-07,0.8586519611879225
2017-09-08,0.8495311583527935
2017-09-11,0.5729639728643287
2017-09-12,0.8059972259842644
2017-09-13,0.8303822327592569
2017-09-14,0.7381608023927555
2017-09-15,0.7117068540179016
2017-09-18,0.46362471900086194
2017-09-19,0.4514434024297612
2017-09-20,0.5667620716203586
2017-09-21,0.6566071607444571
2017-09-22,0.7785138897122951
2017-09-25,0.7804352833188191
2017-09-26,0.7591025212637875
2017-09-27,0.6784254544389235
2017-09-28,0.7373288088697223
2017-09-29,0.8310998404244647
2017-10-02,0.801570223700671
2017-10-03,0.8165619713238651
2017-10-04,0.8352682593864106
2017-10-05,0.7934624466816188
2017-10-06,0.7851756884372009
2017-10-09,0.7393216254250757
2017-10-10,0.6993156667213383
2017-10-11,0.6800364498028877
2017-10-12,0.6071044392434038
2017-10-13,0.5760598681617931
2017-10-16,0.47052131633318195
2017-10-17,0.48325958110414935
2017-10-18,0.39070527537163313
2017-10-19,0.4366306267571772
2017-10-20,0.6608668432248405
2017-10-23,0.7392482747287482
2017-10-24,0.7531010658561941
2017-10-25,0.835451008206723
2017-10-26,0.8286332324999857
2017-10-27,0.6734806322944262
2017-10-30,0.7968959854598807
2017-10-31,0.8204626218072452
2017-11-01,0.7408262245867347
2017-11-02,0.7307229391702301
2017-11-03,0.46403563490629834
2017-11-06,0.31724854891297855
2017-11-07,0.3120285825409427
2017-11-08,0.3153338515022246
2017-11-09,0.41033245637454197
2017-11-10,0.7124719546912094
2017-11-13,0.6349599517638882
2017-11-14,0.8083615706544022
2017-11-15,0.7541285492869834
2017-11-16,0.7349085486968889
2017-11-17,0.8260966525566917
2017-11-20,0.7665561554058902
2017-11-21,0.6418732242581392
2017-11-22,0.7539387249062156
2017-11-24,0.6597497589164684
2017-11-27,0.7230413220732085
2017-11-28,0.7288139126674038
2017-11-29,0.725353578986954
2017-11-30,0.6016228859139756
2017-12-01,0.6812799913837605
2017-12-04,0.7784294469101828
2017-12-05,0.7794780092463719
2017-12-06,0.7763255991109285
2017-12-07,0.8227200922965673
2017-12-08,0.7117685887851046
2017-12-11,0.8173274792511019
2017-12-12,0.7890444569991292
2017-12-13,0.8017223704960502
2017-12-14,0.7568344184539021
2017-12-15,0.6321137417112319
2017-12-18,0.5488026985490367
2017-12-19,0.5151697833558215
2017-12-20,0.3850091377655453
2017-12-21,0.49653631232399204
2017-12-22,0.6976666013876044
2017-12-26,0.8805963371500192
2017-12-27,0.810826862700741
2017-12-28,0.8461262582500578
2017-12-29,0.8403280453085565
2018-01-02,0.7300866481345282
2018-01-03,0.7514474929919447
2018-01-04,0.7829754220860776
2018-01-05,0.8561297121394124
2018-01-08,0.7778611698237551
2018-01-09,0.8768875000682537
2018-01-10,0.8569818601327907
2018-01-11,0.8919563362628005
2018-01-12,0.7800999017191323
2018-01-16,0.665271369786781
2018-01-17,0.7080953739997252
2018-01-18,0.7593233115376758
2018-01-19,0.6700144236742318
2018-01-22,0.6727794726561463
2018-01-23,0.651076125470804
2018-01-24,0.6373485450836756
2018-01-25,0.606873269884765
2018-01-26,0.5024451997732687
2018-01-29,0.5768377395447447
2018-01-30,0.6225756324043086
2018-01-31,0.48359106174020544
2018-02-01,0.4318132875911405
2018-02-02,0.47243444722247385
2018-02-05,0.5129014904906753
2018-02-06,0.356708461829841
2018-02-07,0.4282513646161665
2018-02-08,0.7944563118013545
2018-02-09,0.8122360636391136
2018-02-12,0.5132093179140577
2018-02-13,0.5177055765901339
2018-02-14,0.49376594146175684
2018-02-15,0.46055721314742326
2018-02-16,0.5275712703302106
2018-02-20,0.6002529413798136
2018-02-21,0.6318282192524101
2018-02-22,0.3922168527743084
2018-02-23,0.47484070869301526
2018-02-26,0.5025811363470019
2018-02-27,0.49172974483221965
2018-02-28,0.48670673107777757
2018-03-01,0.6408161107106689
2018-03-02,0.8150548471216088
2018-03-05,0.7404265949030115
2018-03-06,0.7943307768382488
2018-03-07,0.7308403944876525
2018-03-08,0.8068726819948991
2018-03-09,0.4809233073103839
2018-03-12,0.5243505443928498
2018-03-13,0.49739192645599656
2018-03-14,0.4937872227217908
2018-03-15,0.39349796244370616
2018-03-16,0.6016094734155322
2018-03-19,0.378617978403525
2018-03-20,0.37293606075028923
2018-03-21,0.343595831944985
2018-03-22,0.4447569267385211
2018-03-23,0.7490919220571312
2018-03-26,0.41998206719189396
2018-03-27,0.8018400031556714
2018-03-28,0.862901497707594
2018-03-29,0.6782306637585632
2018-04-02,0.6901518631564915
2018-04-03,0.6223544107887995
2018-04-04,0.5873172827082075
2018-04-05,0.5227699829181545
2018-04-06,0.4817974281858786
2018-04-09,0.7766487487087076
2018-04-10,0.7313640076907946
2018-04-11,0.5793642003263945
2018-04-12,0.5302681400686405
2018-04-13,0.6209516798207797
2018-04-16,0.6225296114861901
2018-04-17,0.44591862368685525
2018-04-18,0.3778786811298614
2018-04-19,0.3943113250623001
2018-04-20,0.6398237584219334
2018-04-23,0.4783429897549983
2018-04-24,0.5378664442259506
2018-04-25,0.478032619867438
2018-04-26,0.6874824760178115
2018-04-27,0.6397475069002125
2018-04-30,0.7299721021399256
2018-05-01,0.7684888791326028
2018-05-02,0.7076714581592876
2018-05-03,0.6300546748163712
2018-05-04,0.712299716991911
2018-05-07,0.809779270561477
2018-05-08,0.6730032395346
2018-05-09,0.5121479513796703
2018-05-10,0.5688239461325656
2018-05-11,0.6540190426564302
2018-05-14,0.5607988490621888
2018-05-15,0.4364227623257953
2018-05-16,0.5381913769861038
2018-05-17,0.7543154053460653
2018-05-18,0.745153460069525
2018-05-21,0.6471436855576173
2018-05-22,0.775069523907311
2018-05-23,0.48669915791865653
2018-05-24,0.7342455150530499
2018-05-25,0.7257732762944362
2018-05-29,0.716319287030682
2018-05-30,0.6913763540769168
2018-05-31,0.8132840842579437
2018-06-01,0.712722977251841
2018-06-04,0.8274877750391455
2018-06-05,0.8328561040435423
2018-06-06,0.7589212121783501
2018-06-07,0.7513706690321069
2018-06-08,0.778712219571844
2018-06-11,0.6397290793992696
2018-06-12,0.6791574879482725
2018-06-13,0.4937125736612317
2018-06-14,0.49338020604220173
2018-06-15,0.48675435221037816
2018-06-18,0.43456841824589637
2018-06-19,0.4290052359618996
2018-06-20,0.406055036845167
2018-06-21,0.6563755114563357
2018-06-22,0.7211486227476783
2018-06-25,0.7515600235313998
2018-06-26,0.5759680601101091
2018-06-27,0.6696568056191974
2018-06-28,0.6630042807028499
2018-06-29,0.7635818157181702
2018-07-02,0.703406644211655
2018-07-03,0.7104514270135647
2018-07-05,0.6257521828513435
2018-07-06,0.7863571807963183
2018-07-09,0.7249227815297278
2018-07-10,0.8355686039910317
2018-07-11,0.6465068814655678
2018-07-12,0.7462437236112002
2018-07-13,0.8204634405278536
2018-07-16,0.7567642317079581
2018-07-17,0.7309342354282141
2018-07-18,0.7150182288083007
2018-07-19,0.6644089684541469
2018-07-20,0.3628345574274359
2018-07-23,0.415051713824589
2018-07-24,0.431304127571075
2018-07-25,0.45580790209876076
2018-07-26,0.7477836166400122
2018-07-27,0.7703685933429076
2018-07-30,0.6547437361155372
2018-07-31,0.5402380927254201
2018-08-01,0.6181277574292047
2018-08-02,0.6524856900216975
2018-08-03,0.7904831054127975
2018-08-06,0.6863079955321871
2018-08-07,0.5630551826313535
2018-08-08,0.5133681763733736
2018-08-09,0.5022697473816465
2018-08-10,0.43717569938637646
2018-08-13,0.3949535800256906
2018-08-14,0.4507182184477383
2018-08-15,0.6253260168554985
2018-08-16,0.6659167644601437
2018-08-17,0.855759523050441
2018-08-20,0.7579018060216255
2018-08-21,0.7592597165042154
2018-08-22,0.8559404083039253
2018-08-23,0.7742513602270759
2018-08-24,0.6720421649191533
2018-08-27,0.5440894401935288
2018-08-28,0.6189256191298019
2018-08-29,0.662137478370092
2018-08-30,0.6434073316534067
2018-08-31,0.5254680000253159
2018-09-04,0.6177115106544073
2018-09-05,0.8445538070225752
2018-09-06,0.855975706161402
2018-09-07,0.747884231737583
2018-09-10,0.6799454132839633
2018-09-11,0.592342160328388
2018-09-12,0.8010643284094818
2018-09-13,0.8035868993660674
2018-09-14,0.8041491747699822
2018-09-17,0.7139351558038306
2018-09-18,0.8029831309173365
2018-09-19,0.7882915999736052
2018-09-20,0.6941716585573339
2018-09-21,0.614710697817458
2018-09-24,0.7939753550555817
2018-09-25,0.5553578009087994
2018-09-26,0.6086673689177021
2018-09-27,0.5660818909419548
2018-09-28,0.42628680349148634
2018-10-01,0.45699898048206916
2018-10-02,0.5003278243622076
2018-10-03,0.41658249453738627
2018-10-04,0.4290425757004624
2018-10-05,0.311786965972941
2018-10-08,0.2962064805597302
2018-10-09,0.32963581629249034
2018-10-10,0.6913979509807084
2018-10-11,0.8574217923812008
2018-10-12,0.6208844072059021
2018-10-15,0.7012334750145266
2018-10-16,0.3899392057272441
2018-10-17,0.46555480176965963
2018-10-18,0.5401825030949281
2018-10-19,0.36642125894597466
2018-10-22,0.382021912419803
2018-10-23,0.4202797006078742
2018-10-24,0.6343693287528706
2018-10-25,0.6685297108713921
2018-10-26,0.7240901441656823
2018-10-29,0.7164798358711173
2018-10-30,0.6076824165597752
2018-10-31,0.7782384291951718
2018-11-01,0.6664976152562503
2018-11-02,0.5584325477894012
2018-11-05,0.47836068547551897
2018-11-06,0.4865045348763151
2018-11-07,0.6471657547145672
2018-11-08,0.4457054152304019
2018-11-09,0.5579953345448058
2018-11-12,0.5491914756086592
2018-11-13,0.4039529505355683
2018-11-14,0.4215352180898142
2018-11-15,0.5187116098071793
2018-11-16,0.560254446680091
2018-11-19,0.32833220328622387
2018-11-20,0.5982087835728596
2018-11-21,0.5154597063060603
2018-11-23,0.7750524259030781
2018-11-26,0.4065276842947905
2018-11-27,0.6458737488542224
2018-11-28,0.49508173822864665
2018-11-29,0.41544628692515895
2018-11-30,0.3347330568038942
2018-12-03,0.4618272482363263
2018-12-04,0.36572196066375706
2018-12-06,0.3088380828574992
2018-12-07,0.49933911717216367
2018-12-10,0.4483706701412056
2018-12-11,0.45321496132804384
2018-12-12,0.3685452242170524
2018-12-13,0.4249800724232454
2018-12-14,0.3208534568832163
2018-12-17,0.5978264365857311
2018-12-18,0.6555883065154655
2018-12-19,0.6261275411819415
2018-12-20,0.8056750618786966
2018-12-21,0.7993291830678769
2018-12-24,0.739681745569431
2018-12-26,0.3940063052987103
2018-12-27,0.5065544673807929
2018-12-28,0.550831211363947
2018-12-31,0.513975714629622
2019-01-02,0.6802649348673737
2019-01-03,0.4180384762274909
2019-01-04,0.6907318631293347
2019-01-07,0.6559602150592494
2019-01-08,0.6798220261001827
2019-01-09,0.7091953854148917
2019-01-10,0.5039027932342234
2019-01-11,0.5612551529380793
2019-01-14,0.6298312562912475
2019-01-15,0.36259060036576896
2019-01-16,0.4215686516977397
2019-01-17,0.4718831523506075
2019-01-18,0.4445371986125658
2019-01-22,0.5075017735537217
2019-01-23,0.6045997213847513
2019-01-24,0.543405311693412
2019-01-25,0.6788560289594184
2019-01-28,0.6915019714429064
2019-01-29,0.6273046674737931
2019-01-30,0.7455435483853209
2019-01-31,0.5864753537286107
2019-02-01,0.4809694023714539
2019-02-04,0.5040778874869594
2019-02-05,0.5982262879737172
2019-02-06,0.5852587012068431
2019-02-07,0.6585577521799749
2019-02-08,0.6259729844029958
2019-02-11,0.6365766845983681
2019-02-12,0.7197603663938599
2019-02-13,0.48667333765739546
2019-02-14,0.7148314489869261
2019-02-15,0.6703143766721724
2019-02-19,0.780336904187409
2019-02-20,0.7144374554103714
2019-02-21,0.7761072850393017
2019-02-22,0.6479720989811457
2019-02-25,0.7079302163652326
2019-02-26,0.6248912570078908
2019-02-27,0.4056760977875302
2019-02-28,0.7009384652139249
2019-03-01,0.48492947460397773
2019-03-04,0.5547159588010342
2019-03-05,0.7542236641636255
2019-03-06,0.8040798902867093
2019-03-07,0.7987339882071196
2019-03-08,0.840244063981221
2019-03-11,0.6498996964662749
2019-03-12,0.6424308357512807
2019-03-13,0.7846941934094186
2019-03-14,0.8259815334590492
2019-03-15,0.7353210224783647
2019-03-18,0.4411575870782172
2019-03-19,0.41917530914932777
2019-03-20,0.481557577938109
2019-03-21,0.4027589232367085
2019-03-22,0.66356451366746
2019-03-25,0.8339689699301616
2019-03-26,0.7987813885262169
2019-03-27,0.7559275930408257
2019-03-28,0.8190000009555012
2019-03-29,0.7139884125143819
2019-04-01,0.8449715449438598
2019-04-02,0.8620232408534158
2019-04-03,0.8684983788052805
2019-04-04,0.6429149233258634
2019-04-05,0.6633887492195755
2019-04-08,0.5616082913430877
2019-04-09,0.5219441367579375
2019-04-10,0.43618422128332657
2019-04-11,0.5000121003850616
2019-04-12,0.5522361599659662
2019-04-15,0.6493698609167698
2019-04-16,0.795226344448787
2019-04-17,0.8114627002623104
2019-04-18,0.7828196384175551
2019-04-22,0.6832548390970674
2019-04-23,0.5659591369301593
2019-04-24,0.6148801296209732
2019-04-25,0.3965985473342604
2019-04-26,0.5890832325281432
2019-04-29,0.45055415397020887
2019-04-30,0.6222239904307959
2019-05-01,0.4765686513594169
2019-05-02,0.49095721497750106
2019-05-03,0.48610862914366665
2019-05-06,0.5386439893118071
2019-05-07,0.4198468076506767
2019-05-08,0.42663405202375815
2019-05-09,0.41834493008530416
2019-05-10,0.4709024642769475
2019-05-13,0.5466844560022311
2019-05-14,0.4638870757752486
2019-05-15,0.3963533848251282
2019-05-16,0.33406210261509417
2019-05-17,0.3971401375128008
2019-05-20,0.34048488083217004
2019-05-21,0.3800152432282725
2019-05-22,0.4532884074588916
2019-05-23,0.40624290085686887
2019-05-24,0.3707980952903377
2019-05-28,0.6766694396547451
2019-05-29,0.6263913035003121
2019-05-30,0.6986442003081544
2019-05-31,0.7273608396253242
2019-06-03,0.6823599609966735
2019-06-04,0.5652341903936695
2019-06-05,0.4385107165043965
2019-06-06,0.6652793405369396
2019-06-07,0.5715922647364868
2019-06-10,0.4880335229278048
2019-06-11,0.6164881956301365
2019-06-12,0.5618451672032989
2019-06-13,0.5240204811261006
2019-06-14,0.48942606704703556
2019-06-17,0.688320556913065
2019-06-18,0.4962271243485255
2019-06-19,0.6190684553009411
2019-06-20,0.6702758330219716
2019-06-21,0.6474221626491559
2019-06-24,0.6712225950982001
2019-06-25,0.8062800911493513
2019-06-26,0.7674798380499527
2019-06-27,0.724658126137427
2019-06-28,0.6609640368922871
2019-07-01,0.5820821894335283
2019-07-02,0.6612250282729492
2019-07-03,0.7047795310375381
2019-07-05,0.7716471403093471
2019-07-08,0.6700221161771527
2019-07-09,0.6626062434136173
2019-07-10,0.5359376259380597
2019-07-11,0.5306986334330044
2019-07-12,0.46292379728101035
2019-07-15,0.5573714328661398
2019-07-16,0.6978301296320013
2019-07-17,0.7324034369436181
2019-07-18,0.5972136270184315
2019-07-19,0.8446518175521557
2019-07-22,0.7462924103980687
2019-07-23,0.4801534074628597
2019-07-24,0.49906336256503503
2019-07-25,0.6366086738970027
2019-07-26,0.5042684864355014
2019-07-29,0.4088734890699192
2019-07-30,0.49974771633074205
2019-07-31,0.42916642474087874
2019-08-01,0.3454427559967357
2019-08-02,0.36571171460088897
2019-08-05,0.6085261726304231
2019-08-06,0.5779377539281583
2019-08-07,0.5027240878630287
2019-08-08,0.5253879029437795
2019-08-09,0.34307106325981745
2019-08-12,0.46699487659763944
2019-08-13,0.3682500204387326
2019-08-14,0.545161560405408
2019-08-15,0.5821820130752429
2019-08-16,0.45232711163736367
2019-08-19,0.5046532375622197
2019-08-20,0.49986493147066163
2019-08-21,0.5483295679293132
2019-08-22,0.6482662335120933
2019-08-23,0.5250306425909002
2019-08-26,0.6542604737958744
2019-08-27,0.552758042409481
2019-08-28,0.6649234163621666
2019-08-29,0.5928966145931753
2019-08-30,0.5814701623260512
2019-09-03,0.6741992772994354
2019-09-04,0.724208046436456
2019-09-05,0.6613693449207635
2019-09-06,0.6450460648797555
2019-09-09,0.6995423954385186
2019-09-10,0.7578693592184449
2019-09-11,0.7447448301442242
2019-09-12,0.5249273207123204
2019-09-13,0.5068390680918523
2019-09-16,0.496772256579354
2019-09-17,0.3469055315221057
2019-09-18,0.3697823434128041
2019-09-19,0.49936206996826654
2019-09-20,0.6696504514772887
2019-09-23,0.5184335186180968
2019-09-24,0.7472964188453053
2019-09-25,0.60754454834204
2019-09-26,0.6127357203687612
2019-09-27,0.7516729086902608
2019-09-30,0.7222965435831131
2019-10-01,0.5945841068129613
2019-10-02,0.6984520612140078
2019-10-03,0.6405646616679025
2019-10-04,0.6506058847529336
2019-10-07,0.6350355562727653
2019-10-08,0.793505727235989
2019-10-09,0.7434545297322237
2019-10-10,0.7660663283188609
2019-10-11,0.6644438317446949
2019-10-14,0.8294689354347543
2019-10-15,0.6238868149899687
2019-10-16,0.6593826593605642
2019-10-17,0.7447603892106412
2019-10-18,0.6728564102743813
2019-10-21,0.6929104365859935
2019-10-22,0.6754977201629344
2019-10-23,0.6505625106640437
2019-10-24,0.6369783465610719
2019-10-25,0.6508631409989515
2019-10-28,0.6328142342591551
2019-10-29,0.6538126521113771
2019-10-30,0.5789916921880262
2019-10-31,0.4888494282437973
2019-11-01,0.6392106847139722
2019-11-04,0.5267808714428449
2019-11-05,0.5722569279519744
2019-11-06,0.5725180456647458
2019-11-07,0.6167121312557832
2019-11-08,0.6458286320199845
2019-11-11,0.6088056883018269
2019-11-12,0.5504665391978278
2019-11-13,0.6199167628826721
2019-11-14,0.5879928080675847
2019-11-15,0.47646061046241867
2019-11-18,0.6563272458189872
2019-11-19,0.5239811622742041
2019-11-20,0.6316247773143194
2019-11-21,0.6170776800494319
2019-11-22,0.7235375011941481
2019-11-25,0.4544786004068763
2019-11-26,0.6496373604586326
2019-11-27,0.42925727567578936
2019-11-29,0.6557886842360359
2019-12-02,0.750683343818048
2019-12-03,0.7447896897915743
2019-12-04,0.6984856820464196
2019-12-05,0.6984466368556584
2019-12-06,0.5698244007152137
2019-12-09,0.4909360856469789
2019-12-10,0.7439842736511113
2019-12-11,0.6917623371589977
2019-12-12,0.8088976518551599
2019-12-13,0.6876575120704603
2019-12-16,0.8533250220266873
2019-12-17,0.8677518966814439
2019-12-18,0.860129412409692
2019-12-19,0.7346952870636516
2019-12-20,0.7942491863861547
2019-12-23,0.6381867601687452
2019-12-24,0.728426221594245
2019-12-26,0.7061326947049891
2019-12-27,0.6868803842252907
2019-12-30,0.605647029518546
2019-12-31,0.5458136442319353
2020-01-02,0.6856338223068974
2020-01-03,0.6493899792523039
2020-01-06,0.582886416222889
2020-01-07,0.7119106288207682
2020-01-08,0.7202298432659886
2020-01-09,0.5919623460518174
2020-01-10,0.6987639895386204
2020-01-13,0.6617721852214695
2020-01-14,0.665321215925417
2020-01-15,0.623817958142899
2020-01-16,0.5765744615358934
2020-01-17,0.6329603788025959
2020-01-21,0.44405854357164143
2020-01-22,0.5550117026493432
2020-01-23,0.6828522815523438
2020-01-24,0.5472751589657008
2020-01-27,0.7969428036451954
2020-01-28,0.691087884356106
2020-01-29,0.6745557312997761
2020-01-30,0.5307105294880344
2020-01-31,0.7395949032343406
2020-02-03,0.5645674089381076
2020-02-04,0.6023594443523755
2020-02-05,0.7376548886067377
2020-02-06,0.7384403377407138
2020-02-07,0.7501667797464585
2020-02-10,0.7529710694695178
2020-02-11,0.7176056464914826
2020-02-12,0.7442839306042739
2020-02-13,0.6806781097831386
2020-02-14,0.5276805539145669
2020-02-18,0.44125252112675506
2020-02-19,0.5620126636900419
2020-02-20,0.5023628529213209
2020-02-21,0.46801464328126835
2020-02-24,0.3776992157906359
2020-02-25,0.44911046389777615
2020-02-26,0.4282530455016833
2020-02-27,0.7739576837450692
2020-02-28,0.8484699423580206
2020-03-02,0.46599502233898915
2020-03-03,0.5006514624026356
2020-03-04,0.48593232175038725
2020-03-05,0.474195075415676
2020-03-06,0.3991045612316026
2020-03-09,0.4730862844633893
2020-03-10,0.4901380919069316
2020-03-11,0.47605492375219827
2020-03-12,0.47842199915117933
2020-03-13,0.4716068188769156
2020-03-16,0.47842199915117933
2020-03-17,0.5410231455701296
2020-03-18,0.47842199915117933
2020-03-19,0.5160739680193
2020-03-20,0.49155718794447334
2020-03-23,0.45421244740860395
2020-03-24,0.4688103228504613
2020-03-25,0.40379583902785204
2020-03-26,0.6160050223244299
2020-03-27,0.36760738297121875
2020-03-30,0.6421944904305993
2020-03-31,0.6580848648916037
2020-04-01,0.6196356265123941
2020-04-02,0.6210398753935854
2020-04-03,0.6565806790533522
2020-04-06,0.5953509869564805
2020-04-07,0.7139479720386513
2020-04-08,0.7271708861751849
2020-04-09,0.7119424424207956
2020-04-13,0.7713572497363331
2020-04-14,0.623312928808109
2020-04-15,0.7113623786948795
2020-04-16,0.5952956660362773
2020-04-17,0.5529511231264902
2020-04-20,0.7192209885717527
2020-04-21,0.6249461626758166
2020-04-22,0.7048273607881458
2020-04-23,0.6967792909643168
2020-04-24,0.7294689530913362
2020-04-27,0.7047559168586754
2020-04-28,0.6700616771442721
2020-04-29,0.5341991857680505
2020-04-30,0.5383118139202648
2020-05-01,0.6572500518237628
2020-05-04,0.6778732927136859
2020-05-05,0.7427867522790026
2020-05-06,0.5011422979030806
2020-05-07,0.5763834451883615
2020-05-08,0.6046355628565079
2020-05-11,0.7108141645595649
2020-05-12,0.6736495189519215
2020-05-13,0.6612381441660043
2020-05-14,0.7006731308082812
2020-05-15,0.6485198104878508
2020-05-18,0.5448050616443662
2020-05-19,0.5122965823176038
2020-05-20,0.5679139447284385
2020-05-21,0.5881944982489582
2020-05-22,0.693657263141381
2020-05-26,0.7010648024335899
2020-05-27,0.6472787030887023
2020-05-28,0.5391645746026797
2020-05-29,0.6622757360559862
2020-06-01,0.6230125927029267
2020-06-02,0.6124674656658141
2020-06-03,0.634843097910354
2020-06-04,0.45180497601783165
2020-06-05,0.5125035031807884
2020-06-08,0.47739939604448256
2020-06-09,0.45205927306883403
2020-06-10,0.5010423727547096
2020-06-11,0.667336440976397
2020-06-12,0.6395375348711183
2020-06-15,0.6710798458726152
2020-06-16,0.6875600687578672
2020-06-17,0.528986240490182
2020-06-18,0.8074839467996542
2020-06-19,0.6120616671152054
2020-06-22,0.5153238627806698
2020-06-23,0.4906673652887842
2020-06-24,0.5096572763930943
2020-06-25,0.595433190636999
2020-06-26,0.537491599669175
2020-06-29,0.6413410990845939
2020-06-30,0.7187034048794627
2020-07-01,0.8095274864662215
2020-07-02,0.695579076736448
2020-07-06,0.723352303714091
2020-07-07,0.8061528187489405
2020-07-08,0.7259983393842808
2020-07-09,0.6858602389151224
2020-07-10,0.5409473741549242
2020-07-13,0.6473474086239909
2020-07-14,0.6837193121852704
2020-07-15,0.6458407272126979
2020-07-16,0.5246990109288259
2020-07-17,0.5594777526131213
2020-07-20,0.5407419147111319
2020-07-21,0.4789632059295801
2020-07-22,0.43300006624549087
2020-07-23,0.6461999264170162
2020-07-24,0.6232497014979679
2020-07-27,0.6257787597221984
2020-07-28,0.5905409464726243
2020-07-29,0.6347983314986194
2020-07-30,0.6637910427363466
2020-07-31,0.6859489351450608
2020-08-03,0.7204233486352546
2020-08-04,0.7333343769763941
2020-08-05,0.8087301656375727
2020-08-06,0.6845834619081383
2020-08-07,0.7375477601761105
2020-08-10,0.5881249010991749
2020-08-11,0.6063206390391993
2020-08-12,0.6827952419311814
2020-08-13,0.7410727777196199
2020-08-14,0.6884008051253397
2020-08-17,0.8012077778840233
2020-08-18,0.6680325041838405
2020-08-19,0.677089213112381
2020-08-20,0.6099362581272145
2020-08-21,0.5034437678452037
2020-08-24,0.5434720575906438
2020-08-25,0.5093123471740161
2020-08-26,0.4679696308552339
2020-08-27,0.40410965457286047
2020-08-28,0.408810817094498
2020-08-31,0.4346584786103399
2020-09-01,0.44712627263300825
2020-09-02,0.5414893090187708
2020-09-03,0.541824691120657
2020-09-04,0.5345333935891148
2020-09-08,0.4576778525609754
2020-09-09,0.38151120031804936
2020-09-10,0.4323751009673044
2020-09-11,0.3905519429986282
2020-09-14,0.3529956673520586
2020-09-15,0.414642027921984
2020-09-16,0.3913893689190792
2020-09-17,0.48836198226510114
2020-09-18,0.4331767371251718
2020-09-21,0.5850030781255585
2020-09-22,0.6034836284545735
2020-09-23,0.6856395710502412
2020-09-24,0.5753860324016162
2020-09-25,0.6588157466152572
2020-09-28,0.7099617940866836
2020-09-29,0.3885584039003542
2020-09-30,0.6571976044751652
2020-10-01,0.4381164194916937
2020-10-02,0.5910486796980062
2020-10-05,0.5246343190359976
2020-10-06,0.684356233080954
2020-10-07,0.5707680654619753
2020-10-08,0.6059023384320594
2020-10-09,0.7031137203050345
2020-10-12,0.5813876612696769
2020-10-13,0.5695893929221676
2020-10-14,0.6042487815702238
2020-10-15,0.5676193282578202
2020-10-16,0.40913470096149834
2020-10-19,0.6513663540716037
2020-10-20,0.5796133304120468
2020-10-21,0.5324219972676175
2020-10-22,0.5504424767611759
2020-10-23,0.5229849622443974
2020-10-26,0.5188777702476101
2020-10-27,0.4553581841921719
2020-10-28,0.49784383079648886
2020-10-29,0.5760556831784279
2020-10-30,0.5862734720759587
2020-11-02,0.6083851950753307
2020-11-03,0.5535146918388801
2020-11-04,0.5557636913910337
2020-11-05,0.6119818999690998
2020-11-06,0.6647736890088833
2020-11-09,0.7227914702948494
2020-11-10,0.6517533134012936
2020-11-11,0.7173593431059596
2020-11-12,0.7190390886383564
2020-11-13,0.7475560316084316
2020-11-16,0.8109110920218283
2020-11-17,0.8036385988763702
2020-11-18,0.7070222854180311
2020-11-19,0.7333939201259057
2020-11-20,0.6995164205348555
2020-11-23,0.6126156516532058
2020-11-24,0.6179625486497652
2020-11-25,0.6338326140401332
2020-11-27,0.6319106523998189
2020-11-30,0.6417165619934717
2020-12-01,0.5559354120415172
2020-12-02,0.44965880132000696
2020-12-03,0.4174031435150811
2020-12-04,0.39246081713247943
2020-12-07,0.5131604817019852
2020-12-08,0.43292092928617604
2020-12-09,0.738656742396672
2020-12-10,0.7998081127585546
2020-12-11,0.7870946100054055
2020-12-14,0.7671593521856684
2020-12-15,0.7584450767038927
2020-12-16,0.6255940852872874
2020-12-17,0.633506193431397
2020-12-18,0.6703934159315584
2020-12-21,0.6321559917676435
2020-12-22,0.5590068121836784
2020-12-23,0.5798561835159539
2020-12-24,0.6308227232747647
2020-12-28,0.6005586041124682
2020-12-29,0.48374032458627964
2020-12-30,0.7783068975396332
2020-12-31,0.8104828255635423
2021-01-04,0.618736179308841
2021-01-05,0.5517609679849572
2021-01-06,0.641666468152566
2021-01-07,0.5911337140946302
2021-01-08,0.5384087007683928
2021-01-11,0.6143083660658486
2021-01-12,0.6633211645338986
2021-01-13,0.6574555285092862
2021-01-14,0.7625956356078745
2021-01-15,0.7286780321450924
2021-01-19,0.7339704692665958
2021-01-20,0.5736272286027948
2021-01-21,0.5345412298088653
2021-01-22,0.4936022856052536
2021-01-25,0.4129316767346354
2021-01-26,0.559254995154148
2021-01-27,0.5690073908998362
2021-01-28,0.7237535061786332
2021-01-29,0.6031697316652885
2021-02-01,0.7107760782280917
2021-02-02,0.7162269552177529
2021-02-03,0.6899129857186024
2021-02-04,0.6803120308634732
2021-02-05,0.6484312381287837
2021-02-08,0.6574649953236862
2021-02-09,0.6525779787770652
2021-02-10,0.6432803277117961
2021-02-11,0.44635793204793883
2021-02-12,0.43614817168922815
2021-02-16,0.4139852701162177
2021-02-17,0.4416583313235293
2021-02-18,0.47282535033058526
2021-02-19,0.6911033144944958
2021-02-22,0.7207961952498074
2021-02-23,0.6414462073432026
2021-02-24,0.5962235291603597
2021-02-25,0.2910397048481497
2021-02-26,0.33609873758112
2021-03-01,0.5171739640332043
2021-03-02,0.49237989075114996
2021-03-03,0.5944751967609293
2021-03-04,0.5190335933848962
2021-03-05,0.4673914554524823
2021-03-08,0.5973396111193785
2021-03-09,0.7192916553857474
2021-03-10,0.682384103207104
2021-03-11,0.3380610028483092
2021-03-12,0.46700576368319463
2021-03-15,0.3700202414304352
2021-03-16,0.363412321350528
2021-03-17,0.3287583752793322
2021-03-18,0.4934542762275516
2021-03-19,0.5039802231184826
2021-03-22,0.32691971065251574
2021-03-23,0.5013926204308954
2021-03-24,0.6025811301203007
2021-03-25,0.41085218677984664
2021-03-26,0.6556377697599648
2021-03-29,0.6347564773346214
2021-03-30,0.6229826850662111
2021-03-31,0.6965464308591549
2021-04-01,0.7671232111988645
2021-04-05,0.656004257192684
2021-04-06,0.6254443392614294
2021-04-07,0.6492260083667619
2021-04-08,0.5852604619371048
2021-04-09,0.6347019909817464
2021-04-12,0.611175373733127
2021-04-13,0.5614228158111096
2021-04-14,0.5717073542954667
2021-04-15,0.4413135091436229
2021-04-16,0.44763459879196726
2021-04-19,0.5167246500450774
2021-04-20,0.7157917905473273
2021-04-21,0.5625563924992918
2021-04-22,0.7229275043281168
2021-04-23,0.7057372897641667
2021-04-26,0.5325862016179912
2021-04-27,0.5135284426413037
2021-04-28,0.3832345357346894
2021-04-29,0.4882798618366502
2021-04-30,0.5722304581541703
2021-05-03,0.4309073758427707
2021-05-04,0.5310671835205077
2021-05-05,0.4307974833114774
2021-05-06,0.5470270875778976
2021-05-07,0.5352425802554204
2021-05-10,0.3295870989309659
2021-05-11,0.4008928023530222
2021-05-12,0.5334239101980093
2021-05-13,0.5206255703755794
2021-05-14,0.35712858348232857
2021-05-17,0.5931673183117993
2021-05-18,0.5782905314262081
2021-05-19,0.5943712300180544
2021-05-20,0.6102280270511571
2021-05-21,0.43346555880071075
2021-05-24,0.49130694579524137
2021-05-25,0.48803915822578936
2021-05-26,0.5306044924311843
2021-05-27,0.5216491999503882
2021-05-28,0.7288991952043861
2021-06-01,0.8212300976646506
2021-06-02,0.7664396523930065
2021-06-03,0.8144217022797976
2021-06-04,0.7886390996099635
2021-06-07,0.7258128471061516
2021-06-08,0.8218574210287561
2021-06-09,0.7525456737768123
2021-06-10,0.7327588997745583
2021-06-11,0.5877468205929991
2021-06-14,0.45267163099647945
2021-06-15,0.6711152723690175
2021-06-16,0.5716394670931378
2021-06-17,0.6269343011305542
2021-06-18,0.7961123607210542
2021-06-21,0.7190615513142398
2021-06-22,0.6717663460122099
2021-06-23,0.7271233607231362
2021-06-24,0.6559139104263204
2021-06-25,0.7193376996370684
2021-06-28,0.851418544300499
2021-06-29,0.7691070875706533
2021-06-30,0.7225650674125865
2021-07-01,0.5962717288722188
2021-07-02,0.7987241240313838
2021-07-06,0.6810312132953718
2021-07-07,0.6458621095548986
2021-07-08,0.6913366275464757
2021-07-09,0.5445331754610536
2021-07-12,0.33366510054753024
2021-07-13,0.4279879642280033
2021-07-14,0.40690163011522534
2021-07-15,0.4740317147260823
2021-07-16,0.7508756012304459
2021-07-19,0.7157063324455119
2021-07-20,0.7283696707869186
2021-07-21,0.7789793676106458
2021-07-22,0.7372870432569508
2021-07-23,0.6658695436755289
2021-07-26,0.5354609290307394
2021-07-27,0.605984487842976
2021-07-28,0.6265772942955037
2021-07-29,0.7049749989915509
2021-07-30,0.582568874896682
2021-08-02,0.7469150742441187
2021-08-03,0.7843064689447058
2021-08-04,0.797153679898117
2021-08-05,0.5433773953569432
2021-08-06,0.7272063133154947
2021-08-09,0.8444629588386686
2021-08-10,0.5738738718366191
2021-08-11,0.6445725558045046
2021-08-12,0.5031784565514389
2021-08-13,0.4757918169233272
2021-08-16,0.6317539025446945
2021-08-17,0.7519410550716811
2021-08-18,0.8289671101789502
2021-08-19,0.7974224480866324
2021-08-20,0.7403476280088692
2021-08-23,0.752580080853447
2021-08-24,0.7938878404641637
2021-08-25,0.8438411649966218
2021-08-26,0.8448540294486364
2021-08-27,0.7857674798183185
2021-08-30,0.734839488304237
2021-08-31,0.7381067322506863
2021-09-01,0.5543050471953372
2021-09-02,0.5168351996458866
2021-09-03,0.359724135035411
2021-09-07,0.3500140192055233
2021-09-08,0.3608267758036927
2021-09-09,0.5707536100075079
2021-09-10,0.7361557371103513
2021-09-13,0.6787169438747388
2021-09-14,0.716163657372338
2021-09-15,0.6022214688107854
2021-09-16,0.640067238122212
2021-09-17,0.7572494204169896
2021-09-20,0.7404920282582084
2021-09-21,0.7379584468427981
2021-09-22,0.6438433309076388
2021-09-23,0.5881299089696432
2021-09-24,0.6088532310173348
2021-09-27,0.6707588621778704
2021-09-28,0.6210571814815353
2021-09-29,0.7099626453378867
2021-09-30,0.6779160041750472
2021-10-01,0.6345033865372468
2021-10-04,0.7072576687663702
2021-10-05,0.6590118559988422
2021-10-06,0.5471281900146727
2021-10-07,0.5364133213838991
2021-10-08,0.7496364696061826
2021-10-11,0.7187228753174921
2021-10-12,0.8456210134571275
2021-10-13,0.8460100236188978
2021-10-14,0.7395780120269883
2021-10-15,0.8226025670597422
2021-10-18,0.8716538670425474
2021-10-19,0.7781697231175038
2021-10-20,0.7497610733235146
2021-10-21,0.8484400102095813
2021-10-22,0.7735780096605389
2021-10-25,0.6950511016560755
2021-10-26,0.5730939050947649
2021-10-27,0.7017467553858368
2021-10-28,0.5907829182349872
2021-10-29,0.69005309362142
2021-11-01,0.49190305037569954
2021-11-02,0.41243125861980884
2021-11-03,0.5320098067198615
2021-11-04,0.43732324782316473
2021-11-05,0.528475793661148
2021-11-08,0.4261077602148503
2021-11-09,0.6635828601880105
2021-11-10,0.6694912660783283
2021-11-11,0.6380338307164926
2021-11-12,0.6891542168946125
2021-11-15,0.7771352681522574
2021-11-16,0.6834555261258607
2021-11-17,0.5352949544509542
2021-11-18,0.49382787529801625
2021-11-19,0.4478698016182122
2021-11-22,0.4559667809230452
2021-11-23,0.42030780844149274
2021-11-24,0.49088967800135436
2021-11-26,0.33849013410163076
2021-11-29,0.4366883111111685
2021-11-30,0.4819673571167957
2021-12-01,0.5739798418991219
2021-12-02,0.5067562966919094
2021-12-03,0.5314896756873664
2021-12-06,0.5742107681055173
2021-12-07,0.48210773402763596
2021-12-08,0.6533394717340593
2021-12-09,0.5724890491655601
2021-12-10,0.5484526726241534
2021-12-13,0.4685262166422905
2021-12-14,0.4422249707122421
2021-12-15,0.48771281472924366
2021-12-16,0.6044078412490554
2021-12-17,0.5730297602103659
2021-12-20,0.5819639532854465
2021-12-21,0.6120767300578487
2021-12-22,0.6258896514534339
2021-12-23,0.7054549107330822
2021-12-27,0.6654881170277996
2021-12-28,0.655087634909964
2021-12-29,0.6305249528027913
2021-12-30,0.5485093400961465
2021-12-31,0.44623812245544087
2022-01-03,0.494619990584062
2022-01-04,0.519651323709928
2022-01-05,0.655771234372589
2022-01-06,0.3938176277936066
2022-01-07,0.4065367634361312
2022-01-10,0.3496944706076172
2022-01-11,0.4137973178549577
2022-01-12,0.44948849684753667
2022-01-13,0.3376780586676476
2022-01-14,0.4455740173446
2022-01-18,0.3119140971330067
2022-01-19,0.32534846951153057
2022-01-20,0.4671447195584009
2022-01-21,0.7764928671306108
2022-01-24,0.8276638119035438
2022-01-25,0.7582631959950579
2022-01-26,0.7147657132241441
2022-01-27,0.6491714562173433
2022-01-28,0.5282782245549039
2022-01-31,0.432796611691802
2022-02-01,0.517029027012322
2022-02-02,0.39237113893109016
2022-02-03,0.6252570156725952
2022-02-04,0.542647169597465
2022-02-07,0.5067161806896988
2022-02-08,0.4646972360516336
2022-02-09,0.48045070343530805
2022-02-10,0.5772612950826245
2022-02-11,0.4433756744663077
2022-02-14,0.4665310904733433
2022-02-15,0.4176921635702801
2022-02-16,0.433594536420171
2022-02-17,0.45961181035336524
2022-02-18,0.42513944755060734
2022-02-22,0.43061022498062035
2022-02-23,0.7899592452782357
2022-02-24,0.719007061044119
2022-02-25,0.2991867576061917
2022-02-28,0.48635634380132925
2022-03-01,0.4038817833465701
2022-03-02,0.42549800320404074
2022-03-03,0.36635463401602936
2022-03-04,0.4744975867873914
2022-03-07,0.6045707533223372
2022-03-08,0.652910977515248
2022-03-09,0.7197831289489343
2022-03-10,0.687171489197783
2022-03-11,0.6521854817740356
2022-03-14,0.5157835857236802
2022-03-15,0.7544095935253802
2022-03-16,0.756643160009692
2022-03-17,0.5300990277782031
2022-03-18,0.7333635917704392
2022-03-21,0.748440383853006
2022-03-22,0.7246753766605377
2022-03-23,0.6709993399039275
2022-03-24,0.6582399354040259
2022-03-25,0.684389975356862
2022-03-28,0.5823842154934574
2022-03-29,0.521537420000238
2022-03-30,0.5136893365721744
2022-03-31,0.49800386933687274
2022-04-01,0.4139204668606354
2022-04-04,0.5130977926161324
2022-04-05,0.5444950528239535
2022-04-06,0.5200763654434974
2022-04-07,0.5437595194095142
2022-04-08,0.47764591246153154
2022-04-11,0.46545780859073677
2022-04-12,0.4637214100338134
2022-04-13,0.35589220039384967
2022-04-14,0.32923667897764164
2022-04-18,0.35110479606513195
2022-04-19,0.2996963629047756
2022-04-20,0.3380490999600912
2022-04-21,0.43971585620226533
2022-04-22,0.5053984629020807
2022-04-25,0.4437499273886356
2022-04-26,0.6302535576191924
2022-04-27,0.6488551049959651
2022-04-28,0.4744681882866594
2022-04-29,0.3730902125420019
2022-05-02,0.430211540174912
2022-05-03,0.3906012470088569
2022-05-04,0.45235708212383796
2022-05-05,0.3899743086149229
2022-05-06,0.3427084989853799
2022-05-09,0.45458198318974363
2022-05-10,0.4880899643313141
2022-05-11,0.4479288702163078
2022-05-12,0.5751149410454917
2022-05-13,0.4767144787486041
2022-05-16,0.40059170889035617
2022-05-17,0.38429963863039024
2022-05-18,0.4159268918770515
2022-05-19,0.5454100789257796
2022-05-20,0.6443639365939844
2022-05-23,0.7686730480169088
2022-05-24,0.6499025550974961
2022-05-25,0.8118295914931829
2022-05-26,0.7657608050199691
2022-05-27,0.421307850455933
2022-05-31,0.5394072749453869
2022-06-01,0.5585103690314559
2022-06-02,0.4865881302188099
2022-06-03,0.48934183263422765
2022-06-06,0.45168401169248684
2022-06-07,0.4867529166702942
2022-06-08,0.5424875184609463
2022-06-09,0.4948594882945691
2022-06-10,0.4702382622473536
2022-06-13,0.7824689959977118
2022-06-14,0.8486126782855596
2022-06-15,0.8491744147057103
2022-06-16,0.7879959552112419
2022-06-17,0.7812302613885194
2022-06-21,0.6290592248616114
2022-06-22,0.6916385629958871
2022-06-23,0.5028988173870897
2022-06-24,0.602072769457805
2022-06-27,0.46332122892446165
2022-06-28,0.702777953966818
2022-06-29,0.6994042619606339
2022-06-30,0.7156242414944335
2022-07-01,0.6243618431314611
2022-07-05,0.5325140109232482
2022-07-06,0.5039585890883901
2022-07-07,0.46909389506911214
2022-07-08,0.4151179196101507
2022-07-11,0.4720115795361933
2022-07-12,0.4970896364072829
2022-07-13,0.673206667345936
2022-07-14,0.6847971004867148
2022-07-15,0.6708667080710421
2022-07-18,0.7866986969677152
2022-07-19,0.5074306233418029
2022-07-20,0.6323649775847203
2022-07-21,0.4572601167325245
2022-07-22,0.718175080847147
2022-07-25,0.74418131409997
2022-07-26,0.48826492294552387
2022-07-27,0.7489768499531428
2022-07-28,0.7519314369630562
2022-07-29,0.6915531012511383
2022-08-01,0.7649981840715593
2022-08-02,0.6875498262574299
2022-08-03,0.6918899134457493
2022-08-04,0.7109748062505455
2022-08-05,0.7569012682888425
2022-08-08,0.6731032019322414
2022-08-09,0.6820124192546664
2022-08-10,0.6175965403199174
2022-08-11,0.5698064183246659
2022-08-12,0.5314468361293316
2022-08-15,0.5240320761033314
2022-08-16,0.4960604638085845
2022-08-17,0.44950318700474695
2022-08-18,0.5553961218727999
2022-08-19,0.583581177923327
2022-08-22,0.48004713159866724
2022-08-23,0.5231639364760468
2022-08-24,0.35037936696375893
2022-08-25,0.4865537796863795
2022-08-26,0.4548467286785537
2022-08-29,0.5496933964288022
2022-08-30,0.6725290813375235
2022-08-31,0.6817729291384619
2022-09-01,0.7127186434278665
2022-09-02,0.5123683651271452
2022-09-06,0.42397123570591694
2022-09-07,0.3591306937077518
2022-09-08,0.3632495890307337
2022-09-09,0.37233819045572913
2022-09-12,0.4246690181678733
2022-09-13,0.3834267238258155
2022-09-14,0.49903933863926275
2022-09-15,0.5784151211091211
2022-09-16,0.46265382520171283
2022-09-19,0.48109323059474973
2022-09-20,0.4344534341888424
2022-09-21,0.4936167950332317
2022-09-22,0.5477240047173518
2022-09-23,0.5898824971342388
2022-09-26,0.7199636338577523
2022-09-27,0.7537050734630208
2022-09-28,0.3579527403948555
2022-09-29,0.5364127809461569
2022-09-30,0.5689836967854996
2022-10-03,0.3974187045514025
2022-10-04,0.3910539974078412
2022-10-05,0.4812755214769523
2022-10-06,0.40121673908510186
2022-10-07,0.37616588285325575
2022-10-10,0.5568343837883912
2022-10-11,0.6608226872265807
2022-10-12,0.6134537616884753
2022-10-13,0.7202594554300994
2022-10-14,0.582233528825284
2022-10-17,0.7990556839061842
2022-10-18,0.6591776857163982
2022-10-19,0.5464430177603132
2022-10-20,0.4457030776329238
2022-10-21,0.3369671138902248
2022-10-24,0.5863208770463108
2022-10-25,0.5900401764698519
2022-10-26,0.4724557898664958
2022-10-27,0.4346051713992656
2022-10-28,0.5024647000610278
2022-10-31,0.42434896727516874
2022-11-01,0.4349703602864733
2022-11-02,0.5142577406834422
2022-11-03,0.5907793149924561
2022-11-04,0.6980047062467623
2022-11-07,0.5335026069859703
2022-11-08,0.5587192864360782
2022-11-09,0.6126693219706966
2022-11-10,0.6070833964908694
2022-11-11,0.5777255889164947
2022-11-14,0.41375804924423726
2022-11-15,0.42721857233325977
2022-11-16,0.6188506913702926
2022-11-17,0.7434102978684977
2022-11-18,0.4486320817310709
2022-11-21,0.5755143170040855
2022-11-22,0.5612868994212409
2022-11-23,0.6203742074611983
2022-11-25,0.4969613725768705
2022-11-28,0.6946346602111805
2022-11-29,0.6247299048498262
2022-11-30,0.530036573338258
2022-12-01,0.43456512659388646
2022-12-02,0.43403631323421166
2022-12-05,0.48152203951332884
2022-12-06,0.7187798167095504
2022-12-07,0.5691766037757074
2022-12-08,0.37555988349293734
2022-12-09,0.3146021136416132
2022-12-12,0.39698324890226033
2022-12-13,0.3496378227345826
2022-12-14,0.3577531608707221
2022-12-15,0.4452220618347394
2022-12-16,0.525330352315944
2022-12-19,0.503099295437404
2022-12-20,0.44777776529970764
2022-12-21,0.4325665152064309
2022-12-22,0.595210130420462
2022-12-23,0.42733037069606106
2022-12-27,0.58734871098191
2022-12-28,0.7074720016683695
2022-12-29,0.5563517262450784
2022-12-30,0.4574535795676324
2023-01-03,0.42959872693267603
2023-01-04,0.5828630502720652
2023-01-05,0.535782034815136
2023-01-06,0.6074966115902537
2023-01-09,0.4965587663511408
2023-01-10,0.5966741333100004
2023-01-11,0.4061876830826169
2023-01-12,0.45872737609178416
2023-01-13,0.4618720372399167
2023-01-17,0.6033140914804882
2023-01-18,0.6272620546565693
2023-01-19,0.5273327949364011
2023-01-20,0.5961609254230235
2023-01-23,0.5914789084581767
2023-01-24,0.5031357815277101
2023-01-25,0.5858867712874911
2023-01-26,0.5229485709562894
2023-01-27,0.4664162933042556
2023-01-30,0.5740117076870649
2023-01-31,0.6293193655262027
2023-02-01,0.4783302092505629
2023-02-02,0.6203203331683838
2023-02-03,0.7035583412683633
2023-02-06,0.6329126676688588
2023-02-07,0.574652708464838
2023-02-08,0.7263786078534098
2023-02-09,0.6275123892394279
2023-02-10,0.610509246362584
2023-02-13,0.726459978840387
2023-02-14,0.6213609305652595
2023-02-15,0.6031977291203601
2023-02-16,0.504292328460823
2023-02-17,0.5447707949832564
2023-02-21,0.45962440826146783
2023-02-22,0.3777087686998863
2023-02-23,0.35413751704848573
2023-02-24,0.36186687765207787
2023-02-27,0.3627256652688556
2023-02-28,0.44643802155197787
2023-03-01,0.567448020892705
2023-03-02,0.5670206091029631
2023-03-03,0.641490836581529
2023-03-06,0.5421566117156217
2023-03-07,0.5607755119187434
2023-03-08,0.6071067080472949
2023-03-09,0.37140812623421104
2023-03-10,0.4820995185754276
2023-03-13,0.44268628951950734
2023-03-14,0.6181264165077107
2023-03-15,0.5494496694436531
2023-03-16,0.38225170103050127
2023-03-17,0.531933015756907
2023-03-20,0.497373251558238
2023-03-21,0.6211395763749447
2023-03-22,0.5835779140536578
2023-03-23,0.6594805033606327
2023-03-24,0.6084309631235163
2023-03-27,0.6564273071483074
2023-03-28,0.6957383479250907
2023-03-29,0.618762887491299
2023-03-30,0.5422103591142146
2023-03-31,0.691714787297512
2023-04-03,0.7253873026491303
2023-04-04,0.6433131917753108
2023-04-05,0.529736978988915
2023-04-06,0.47097858018667227
2023-04-10,0.54667798296861
2023-04-11,0.6392038781063047
2023-04-12,0.7062287343963234
2023-04-13,0.5103581998123281
2023-04-14,0.5466924238814459
2023-04-17,0.45605553767851953
2023-04-18,0.5886437134832162
2023-04-19,0.6953962872180682
2023-04-20,0.609738611778723
2023-04-21,0.6067919991404588
2023-04-24,0.586813042041674
2023-04-25,0.4801740793103851
2023-04-26,0.6907402867890023
2023-04-27,0.6582246084991353
2023-04-28,0.6954681302761706
2023-05-01,0.5930433874915988
2023-05-02,0.6751980961404715
2023-05-03,0.6227600810134915
2023-05-04,0.6554579693150548
2023-05-05,0.6210996091973779
2023-05-08,0.6269122821661072
2023-05-09,0.558642763127813
2023-05-10,0.7122100798173718
2023-05-11,0.7248741912944522
2023-05-12,0.653237078166132
2023-05-15,0.654849585188337
2023-05-16,0.6390934878065911
2023-05-17,0.6400146926017312
2023-05-18,0.553452385419152
2023-05-19,0.7579588936886866
2023-05-22,0.7024452995308116
2023-05-23,0.5077886337388869
2023-05-24,0.59219063989686
2023-05-25,0.763283500162585
2023-05-26,0.47880080770517186
2023-05-30,0.49406596504184963
2023-05-31,0.6045546869134897
2023-06-01,0.6424072998501074
2023-06-02,0.5739569165967073
2023-06-05,0.6553491992385261
2023-06-06,0.6675882337677967
2023-06-07,0.5550747295363662
2023-06-08,0.4838398535174818
2023-06-09,0.47480934497273314
2023-06-12,0.591862986872018
2023-06-13,0.5936792577792613
2023-06-14,0.6639122836896421
2023-06-15,0.6468656984287342
2023-06-16,0.6919476240335052
2023-06-20,0.5302768278507566
2023-06-21,0.5204041662365173
2023-06-22,0.5011171289791645
2023-06-23,0.5786377903920922
2023-06-26,0.6391862129061925
2023-06-27,0.7001247068619961
2023-06-28,0.5253153415765597
2023-06-29,0.5883744963955073
2023-06-30,0.5838568263608841
2023-07-03,0.6544006146441855
2023-07-05,0.7342320222152006
2023-07-06,0.6153413517964176
2023-07-07,0.5543704706283603
2023-07-10,0.6846855472636134
2023-07-11,0.6503788189746764
2023-07-12,0.49052203403512
2023-07-13,0.5787211065431666
2023-07-14,0.7047838314163133
2023-07-17,0.7423932901719361
2023-07-18,0.7524620141020947
2023-07-19,0.8137835057211772
2023-07-20,0.6094727712169775
2023-07-21,0.5538207550526798
2023-07-24,0.5572538996184548
2023-07-25,0.6352882213947897
2023-07-26,0.6505147599778205
2023-07-27,0.6196053211991561
2023-07-28,0.6995174487749625
2023-07-31,0.6210604689303403
2023-08-01,0.6673490202108907
2023-08-02,0.5417740280754365
2023-08-03,0.4593815729059123
2023-08-04,0.5953001970960029
2023-08-07,0.7615488728686782
2023-08-08,0.6865141713753882
2023-08-09,0.6008565836205686
2023-08-10,0.36232235907571936
2023-08-11,0.5816105981168703
2023-08-14,0.6229068111080115
2023-08-15,0.6471958279913912
2023-08-16,0.7236502434384879
2023-08-17,0.7115524331526888
2023-08-18,0.7432421675215264
2023-08-21,0.6647459637609091
2023-08-22,0.6833482860098402
2023-08-23,0.7595876403417727
2023-08-24,0.6091949161168677
2023-08-25,0.6747235767343898
2023-08-28,0.6062978398134173
2023-08-29,0.5298765386976954
2023-08-30,0.6115742098538214
2023-08-31,0.5428834416204624
2023-09-01,0.5160706671707861
2023-09-05,0.5683259161486279
2023-09-06,0.6698540196949306
2023-09-07,0.7292959823673266
2023-09-08,0.6018578142023722
2023-09-11,0.5958717843719709
2023-09-12,0.6702333137450506
2023-09-13,0.754685761654804
2023-09-14,0.7931233262275819
2023-09-15,0.5544927725458759
2023-09-18,0.6473609467234842
2023-09-19,0.5080939846722021
2023-09-20,0.6602355065644856
2023-09-21,0.3731800838702698
2023-09-22,0.32552760742784503
2023-09-25,0.6041202918237691
2023-09-26,0.682319142642283
2023-09-27,0.6891605356758047
2023-09-28,0.5689602521796326
2023-09-29,0.6090021557376859
2023-10-02,0.6177467700282663
2023-10-03,0.640045674049811
2023-10-04,0.6124711852643503
2023-10-05,0.7572019841229961
2023-10-06,0.6033979399381092
2023-10-09,0.6851816043347374
2023-10-10,0.5565619618441712
2023-10-11,0.598193830870764
2023-10-12,0.6173543665924935
2023-10-13,0.6610790246810467
2023-10-16,0.571931890015038
2023-10-17,0.6299659034303188
2023-10-18,0.7931210793394534
2023-10-19,0.7773897980820289
2023-10-20,0.7179309482717271
2023-10-23,0.674751948284994
2023-10-24,0.5834174014826572
2023-10-25,0.42982634828403
2023-10-26,0.6574855215686638
2023-10-27,0.4684685982020727
2023-10-30,0.5228577275137223
2023-10-31,0.3761255358970361
2023-11-01,0.45253129635922484
2023-11-02,0.36763887049880295
2023-11-03,0.3649944404075862
2023-11-06,0.3881701674835701
2023-11-07,0.34183092652155217
2023-11-08,0.48654988917663605
2023-11-09,0.556930529458257
2023-11-10,0.648682940619934
2023-11-13,0.5214438171848297
2023-11-14,0.6173045956095318
2023-11-15,0.6810422782275585
2023-11-16,0.6662681763933129
2023-11-17,0.6269600517741187
2023-11-20,0.6931975519439005
2023-11-21,0.44831466098797695
2023-11-22,0.4689976401388034
2023-11-24,0.5464294650992804
2023-11-27,0.5941507634789214
2023-11-28,0.4801200356740943
2023-11-29,0.54681629333875
2023-11-30,0.5952163171777516
2023-12-01,0.5879923705168241
2023-12-04,0.76903854490675
2023-12-05,0.7339998164650569
2023-12-06,0.7034007473820739
2023-12-07,0.6972865468554542
2023-12-08,0.49277447147904546
2023-12-11,0.6785096869614583
2023-12-12,0.6691849894323989
2023-12-13,0.8311227149549969
2023-12-14,0.4576268150471245
2023-12-15,0.4489014023820557
2023-12-18,0.8145886286378459
2023-12-19,0.8177249978303296
2023-12-20,0.4603521687613096
2023-12-21,0.7167215500049683
2023-12-22,0.6687796480221664
2023-12-26,0.548067442082993
2023-12-27,0.5218615943011066
2023-12-28,0.7355425709004629
2023-12-29,0.5686893864159277
2024-01-02,0.6263622114694072
2024-01-03,0.7768014449159194
2024-01-04,0.7806744965753492
2024-01-05,0.7338613793439422
2024-01-08,0.6648241096880705
2024-01-09,0.7103047283015842
2024-01-10,0.7624439763815684
2024-01-11,0.7585844761899622
2024-01-12,0.8184654341313672
2024-01-16,0.8136398188727435
2024-01-17,0.7898824532224266
2024-01-18,0.6999114738710969
2024-01-19,0.6284514154460328
2024-01-22,0.46392546687015607
2024-01-23,0.7398657514158894
2024-01-24,0.7583149331813047
2024-01-25,0.7173872189889241
2024-01-26,0.6509218365134127
2024-01-29,0.5013090636104045
2024-01-30,0.44079360057928985
2024-01-31,0.5320018362939278
2024-02-01,0.5554023298598213
2024-02-02,0.6636308037190485
2024-02-05,0.7038207370337566
2024-02-06,0.6246742945463277
2024-02-07,0.6297471472794877
2024-02-08,0.6938543868458973
2024-02-09,0.6017977942581242
2024-02-12,0.6320470797552155
2024-02-13,0.7389278762457968
2024-02-14,0.6500404122200865
2024-02-15,0.6491190917154568
2024-02-16,0.6920123359344854
2024-02-20,0.7346660989482542
2024-02-21,0.6567009257116906
2024-02-22,0.7212653016604711
2024-02-23,0.554479291249971
2024-02-26,0.6130430520972789
2024-02-27,0.7450191490296341
2024-02-28,0.6827557152498729
2024-02-29,0.5987348096552341
2024-03-01,0.5293560253294814
2024-03-04,0.7617098312182472
2024-03-05,0.7625812061843114
2024-03-06,0.7222036697249435
2024-03-07,0.6550726679007446
2024-03-08,0.7124312732764013
2024-03-11,0.6919517542527852
2024-03-12,0.8052691311262886
2024-03-13,0.7890629326686688
2024-03-14,0.7356285114079051
2024-03-15,0.5687141360266175
2024-03-18,0.699172776107281
2024-03-19,0.6631763830736891
2024-03-20,0.6530603287668069
2024-03-21,0.5606292718276067
2024-03-22,0.5344180720497083
2024-03-25,0.6455537838631458
2024-03-26,0.7254645989133944
2024-03-27,0.7928582404309568
2024-03-28,0.7185863018360799
2024-04-01,0.5495732450522688
2024-04-02,0.6818483057035463
2024-04-03,0.5943610027579823
2024-04-04,0.7363258298141173
2024-04-05,0.6669124740232643
2024-04-08,0.5647775301671787
2024-04-09,0.5532083402542146
2024-04-10,0.7614529736608919
2024-04-11,0.7309996047036978
2024-04-12,0.7195518292936137
2024-04-15,0.3940287666376661
2024-04-16,0.4954764533986229
2024-04-17,0.5085364086940227
2024-04-18,0.5134754484902655
2024-04-19,0.5747270060068953
2024-04-22,0.5348029755830221
2024-04-23,0.41941149041757525
2024-04-24,0.5560671045315172
2024-04-25,0.3612005383069983
2024-04-26,0.6490300008815678
2024-04-29,0.3935727982830161
2024-04-30,0.5556055134547492
2024-05-01,0.5819896905550912
2024-05-02,0.39658683338925865
2024-05-03,0.42224420201915713
2024-05-06,0.5163444745573055
2024-05-07,0.44957370965873994
2024-05-08,0.7265016704290739
2024-05-09,0.5029099847377442
2024-05-10,0.6391884259584214
2024-05-13,0.49747411899960553
2024-05-14,0.4048534499912819
2024-05-15,0.5921518659332389
2024-05-16,0.5557842095952283
2024-05-17,0.559398517016864
2024-05-20,0.5520405910998331
2024-05-21,0.4667365687664411
2024-05-22,0.5180672361510932
2024-05-23,0.7930231624788795
2024-05-24,0.7514960432220559
2024-05-28,0.7080011194346921
2024-05-29,0.7516257749051133
2024-05-30,0.6908874115484953
2024-05-31,0.6577164043637663
2024-06-03,0.7337479098812054
2024-06-04,0.819961538545455
2024-06-05,0.6590195195762794
2024-06-06,0.7628211618708379
2024-06-07,0.7310091225655574
2024-06-10,0.660821902207814
2024-06-11,0.7211766194201051
2024-06-12,0.7318268723725486
2024-06-13,0.5965101881006433
2024-06-14,0.5631067366520213
2024-06-17,0.7087206887009374
2024-06-18,0.46369569961866025
2024-06-20,0.5865744487917037
2024-06-21,0.5940818195123114
2024-06-24,0.615613722267959
2024-06-25,0.5385831215711714
2024-06-26,0.5740680822830159
2024-06-27,0.6264784294465329
2024-06-28,0.5482351422051852
2024-07-01,0.5720763079480126
2024-07-02,0.5932539439197322
2024-07-03,0.5552877119305234
2024-07-05,0.5020925864419734
2024-07-08,0.5324643976837772
2024-07-09,0.5149483527864829
2024-07-10,0.5682962849676407
2024-07-11,0.5004368491216912
2024-07-12,0.5298027807807921
2024-07-15,0.48773688686751027
2024-07-16,0.4502674277800794
2024-07-17,0.6820721599676806
2024-07-18,0.7254200086123959
2024-07-19,0.4400776703183782
2024-07-22,0.5801840167601517
2024-07-23,0.5682935685701306
2024-07-24,0.38980488562986776
2024-07-25,0.3626319043251417
2024-07-26,0.3963186575866456
2024-07-29,0.3675878948414942
2024-07-30,0.352051411437357
2024-07-31,0.37004268516865474
2024-08-01,0.47174491435401167
2024-08-02,0.4815813416072971
2024-08-05,0.75873307567017
2024-08-06,0.6922494446946004
2024-08-07,0.587978170721639
2024-08-08,0.5458699347710925
2024-08-09,0.5443968283801933
2024-08-12,0.4397952292675674
2024-08-13,0.6900168073279759
2024-08-14,0.49407617098150375
2024-08-15,0.4480558620313051
2024-08-16,0.5168811709621657
2024-08-19,0.49298377174650937
2024-08-20,0.5599775494758631
2024-08-21,0.7468446927020452
2024-08-22,0.4487917713111162
2024-08-23,0.4282941656564006
2024-08-26,0.6358599276245666
2024-08-27,0.6890883444400385
2024-08-28,0.7200715081613663
2024-08-29,0.6502343411148431
2024-08-30,0.5523741262979972
2024-09-03,0.5805528518842159
2024-09-04,0.55120989609043
2024-09-05,0.5165663905222798
2024-09-06,0.47360090217581025
2024-09-09,0.5021495414262561
2024-09-10,0.5271411763899232
2024-09-11,0.5629593544917247
2024-09-12,0.6322309005665161
2024-09-13,0.7063284119677801
2024-09-16,0.6451558386291302
2024-09-17,0.6642876785104515
2024-09-18,0.6108414916508641
2024-09-19,0.718049431677904
2024-09-20,0.6609150417207289
2024-09-23,0.7778175504449841
2024-09-24,0.557404457713549
2024-09-25,0.5952877356527229
2024-09-26,0.7123058259997831
2024-09-27,0.4416881716813508
2024-09-30,0.4390402019682693
2024-10-01,0.6259173572443313
2024-10-02,0.7303684601582898
2024-10-03,0.7625591896082156
2024-10-04,0.5378112256686979
2024-10-07,0.6937442078345195
2024-10-08,0.6468562887702454
2024-10-09,0.6697008185025349
2024-10-10,0.6976055993477962
2024-10-11,0.7499715076190785
2024-10-14,0.7616120130351055
2024-10-15,0.7870999878478134
2024-10-16,0.6106267567721493
2024-10-17,0.6159011215086571
2024-10-18,0.6987984698732099
2024-10-21,0.6867873440692618
2024-10-22,0.724235955331267
2024-10-23,0.8239712016104181
2024-10-24,0.5670602995845591
2024-10-25,0.6196424453456295
2024-10-28,0.6646331741827864
2024-10-29,0.6061184379325979
2024-10-30,0.7032896306362663
2024-10-31,0.6316466588134834
2024-11-01,0.5673775756702206
2024-11-04,0.6632895263387817
2024-11-05,0.586919721700029
2024-11-06,0.709585373520461
2024-11-07,0.6409722905460351
2024-11-08,0.6631014699090584
2024-11-11,0.7438184938390159
2024-11-12,0.6814273353432041
2024-11-13,0.6295357229849421
2024-11-14,0.71428447033128
2024-11-15,0.682433817697129
2024-11-18,0.6587647817737132
2024-11-19,0.6098387257310959
2024-11-20,0.5565863487006565
2024-11-21,0.6377942179249471
2024-11-22,0.5227063654545917
2024-11-25,0.5711206038967553
2024-11-26,0.5097575315854629
2024-11-27,0.5476999812822447
2024-11-29,0.5370118384502992
2024-12-02,0.616116911300772
2024-12-03,0.5990558004461471
2024-12-04,0.625318552046084
2024-12-05,0.70005596587856
2024-12-06,0.6828877530456177
2024-12-09,0.67423079823797
2024-12-10,0.7734023651483554
2024-12-11,0.5743592958757915
2024-12-12,0.6622511131785073
2024-12-13,0.5089229694775587
2024-12-16,0.6546312929337617
2024-12-17,0.6218333677349897
2024-12-18,0.661959297834952
2024-12-19,0.7168475015298686
2024-12-20,0.7038722531456042
2024-12-23,0.6915397080980152
2024-12-24,0.6323687495685092
2024-12-26,0.6511745977397523
2024-12-27,0.6558400350982019
2024-12-30,0.6292911055330149
2024-12-31,0.33455115508094785
